"1205789641","Adriana Jaskolski","3058 Bergstrom Isle Suite 623
Jadamouth, FL 67492-3765"
"PBGelnvZ9z","Alessandra Bechtelar","739 Brandy Circle
Julianton, MS 67076"
"0SIXPTSCFu","Alisa Langosh","75925 Franecki Wells Suite 271
Lake Jeromeview, WI 63026-5688"
"231354","Alva West","2682 Abe Vista
Rippinstad, FL 30313"
"QlajHEH6Wo","Amely Rau","83210 Pollich Ports
Oberbrunnermouth, NJ 38345"
"PQwNghCSYz","Amira Borer DVM","16992 Rodger Flat
Towneview, AK 21993"
"muHp9HjfXA","Amya Oberbrunner","142 Hackett Light Apt. 761
Gregorymouth, UT 64298-7992"
"8ZEjL3qAea","Ana Bins","8757 Fadel Spring
Amberburgh, TX 87287"
"CPrEhZe0qd","Andreane Braun","48807 Gianni Run
New Margarete, NE 13397-9479"
"aYMFqKAnYZ","Annie McKenzie","4925 Jazmyne Springs Apt. 581
Rippinmouth, CA 73105"
"UWaD55LSlH","Asa Abernathy","30907 Elfrieda Port Apt. 259
Doloresville, SC 72445-4219"
"bsDsFeCu8P","Ashlee Paucek","4625 Effertz Mountains
New Rubyeport, MN 42616"
"C8vDIkYPaN","Aubrey Ziemann","6684 Cronin Falls Suite 351
Lake Roycemouth, CO 09280"
"Y8QIBnwjXp","Aylin Leannon","699 Karl Springs
Kertzmannberg, MO 11525"
"9hqRb3Lwl5","Bessie Towne","99948 Bednar Mount Apt. 755
Carolynton, ND 02114"
"snGzULNV9X","Beverly Bradtke PhD","5487 Ezekiel Flats Apt. 332
Williamsonshire, MO 69406-4023"
"D7tdFp2L2p","Brandyn Padberg","6692 Yundt Springs
Aurelioborough, MT 87323-6594"
"oqnNRTYRnk","Brianne Thompson","5457 Kuhn Trafficway Apt. 808
East Vickiebury, MI 45540"
"lv6qCMd5im","Candice Parker III","7338 Wyman Parkway
Callietown, CO 86913-8276"
"9CIII63zde","Carmela Connelly MD","86203 Kobe Lake
Mercedestown, NV 17413-9290"
"CRp5SO5D3k","Catharine Homenick","16125 Grace Street Suite 717
Larissachester, WA 58416"
"2UuMlz5sEL","Cecilia Sipes MD","5617 Okuneva Rapid Apt. 935
Winifredhaven, NE 17713"
"7X6V4J2ILl","Chelsie Ernser","884 O'Keefe Lakes
New Berthaborough, MN 36414"
"1wfkZtFLaT","Clarissa Williamson","7352 Kuhlman Ports
Port Samara, ND 16291"
"VNmRFOKpNU","Cortney Herman","7257 Ulises Hill Suite 314
New Ahmed, NV 53303"
"Y8yvHqxfQf","Cortney Ruecker","6956 Pfannerstill Green
Selinaport, KS 45111"
"uOZx3JYLya","Dakota Littel","624 Darby Run
Meggieborough, TN 95231"
"7UhaSZIll6","Danyka Veum","31216 Olson Course Suite 857
Cummingsmouth, MT 80656"
"upcMk2xBAa","Delphia Thompson","35385 Gulgowski Path Suite 968
Sadieton, MI 72713"
"guFsNi6OIt","Dena Willms PhD","8608 Feil Squares
Nienowfurt, MO 70559-7064"
"DerynBfJ8a","Dortha Murray","69132 Nikolaus Mountains Suite 749
Mosciskiburgh, LA 03440"
"X9KHp2FjQu","Dr. Aniya Yost","48994 Mayert Wells Suite 016
Ewaldhaven, RI 76692-6424"
"YanqXjpcji","Dr. Cleta Hill","3649 Kathryne Terrace Apt. 530
New Hobartville, WY 15888-5209"
"rFnB8kLQcc","Dr. Dariana Hand V","2292 Considine Loop Suite 473
Griffinbury, MD 91072"
"f62owx00VW","Dr. Dawn Berge V","910 Peter Key
Port Camillafort, GA 47148"
"gJ5AqSGkMG","Dr. Donna Luettgen PhD","94038 Ariel Course Apt. 202
Teaganfort, WV 29921"
"doCAqxQnv8","Dr. Jackeline Jacobi IV","482 Elfrieda Mission Suite 211
Jazminshire, OR 48185-9658"
"ng3fFgu8qJ","Dr. Joelle Fay","6882 Joe Walk Suite 898
West Cassandratown, AR 71171"
"7Lqiw1gUvj","Dr. Mabelle Kling DVM","61736 Hauck Summit
New Alethachester, CA 12088-8693"
"9LKhwuBta7","Dr. Marian Walker","631 Monique Crossroad Apt. 424
East Dariofurt, NC 19340"
"nAVZTf9mMm","Dr. Marlene Schuppe DDS","827 Langosh Ridge Apt. 210
New Darren, NC 39885"
"KrXzhTH0gR","Dr. Pearlie Ryan PhD","12848 Maia Light Apt. 247
Paucekberg, AK 47588-6007"
"UAG4GBewBL","Dr. Samanta Kuhlman V","60728 Bradtke Garden Suite 354
Zoieburgh, NV 53249"
"Gb9mKzbKqj","Dr. Thelma Hessel II","62602 Yvonne Mill
Anneburgh, IN 44652-9172"
"xUQfDnKNVW","Dr. Yasmin Wuckert","6178 Gladys Vista
Sydniborough, AZ 08883-0434"
"ByiKGKL2Q7","Duane Kovacek","855 Queen Key Suite 510
Deborahside, PA 33657-4553"
"H1W7pinqBm","Earline Von","87752 Gibson Crest
East Kaley, NY 25365"
"wgbF21D4WO","Elmira Boehm","24455 Gaetano Corner Suite 243
Daviston, NH 24533-2234"
"6uELTQqai0","Elnora Maggio","2983 Haley Center
East Dolly, PA 95172-8726"
"OlxLz2oCOd","Eloisa Kozey","83533 Vince Shores
Daughertychester, MI 73698"
"NwPYKypXGo","Elva Schmeler","97409 Leffler Rest Suite 156
East Murielshire, UT 18753-5555"
"wSxKh3uWNn","Era Bailey","64580 Sporer Shore Apt. 060
East Dianna, IA 19859"
"3FBLeJ3TIt","Ericka Morar MD","224 Bailey Manors Suite 005
Lake Donview, NH 16697-3263"
"BRMECXA4UY","Eryn Rau","319 Constance Fields
Doylefort, TN 89301"
"BhvdhYZiyw","Eudora Lemke","4428 Crona Stream
Romanland, IL 21483-0996"
"yv1Ceiewim","Fae Hagenes","80528 Don Lodge
Mantefort, RI 33336"
"QVt9eI4YTo","Felicia Rosenbaum","420 Leuschke Forest Apt. 734
West Bertram, PA 77404-1002"
"hhyVL2eqHQ","Freeda O'Conner","607 Turner Spurs
Wolffhaven, RI 17552"
"t9aPhzSEy7","Genevieve Kassulke","5500 Kerluke Prairie Suite 221
Daughertyland, SC 62993-0584"
"JGQDxfI6ui","Genoveva Stanton Jr.","702 Welch Squares Suite 170
Shaneton, IL 83316"
"PwUtCjfP5Q","Gerda Sporer","6122 Kris Ridge
East Deborah, NE 14027"
"E53GZBBUqU","Germaine Donnelly","6820 Cole Spring Suite 230
West Piper, CT 55883-9913"
"jOBMAY3hTi","Greta Weber","2158 Olson Ferry Apt. 873
New Antonio, LA 94644-0626"
"vrT0kIMOnu","Hailie Beatty","9437 Chester Ford
Maggiofurt, AK 36968-3481"
"3vpkpLSj53","Harmony Simonis","40340 Frederic Key
North Agnesville, TN 17563"
"Vz2V4sBicl","Haven Shields","300 Wiegand Avenue Suite 907
Lake Lottieburgh, VA 08574-9777"
"IwCPs341jH","Haylie Schowalter","6949 Jones Corners Suite 549
South Karashire, IA 58635-4685"
"u8v6ZfBw0r","Heidi Rath","281 Corwin Parkway Suite 659
Lake Ebony, NE 46402"
"251S0JZq3E","Icie Bartell I","8927 Bechtelar Mount
South Jadynland, NE 26200"
"ZdKq6Rrp6q","Imogene Murazik","642 Marshall Tunnel
Evangelineborough, IN 19774-9556"
"JSpsZkA7dC","Iva Bosco","387 Bridgette Ranch Apt. 727
Lake Dariomouth, AZ 26389"
"onOI3HCgeT","Jacinthe Altenwerth","125 Stanley Point Suite 398
Linabury, ND 00386"
"0kyDZ6xYCs","Jane Schuppe I","79029 Bayer Mill
North Sammyborough, HI 74058-8152"
"ZTcaoo6GOa","Janis Collins","658 Lemuel Hill Suite 749
North Mark, AK 61257"
"gDbXhI65bo","Jaquelin Hoeger","3227 Fae Island Apt. 873
West Felton, MD 27906"
"y6933TFT18","Jeanie Zemlak","2463 Leonard Cape Apt. 507
Pollichview, WA 46648-2152"
"H880B7WWzd","Joana Mertz","668 Marley Camp Apt. 702
Kesslerside, MA 35982-2409"
"lqWjzwjOEv","Jody Dooley","338 Camron Port Suite 555
North Keagan, DE 22194"
"00002","Joseph Company","549 Favian Light Suite 154
South Holden, DC 85706"
"00003","Joseph Company","549 Favian Light Suite 154
South Holden, DC 85706"
"051789","joseph corp","asdasd"
"012547","kaiden hgames","asdasd"
"1234","Kaiden James salac","tarlkac"
"VWlxVem7kQ","Kailyn Marks","927 Berge Ridge Apt. 231
Sanfordbury, CT 88540-0223"
"42842","kalude jos","asdasdsad"
"nsMxNrEMbW","Katarina Nader III","8168 Schmeler Light
Kiehnhaven, LA 04940-3354"
"JiPzYkKPlh","Katelyn Waelchi","18391 Dickens Parkway
North Astrid, NM 31068-7971"
"k0HAdnyu4q","Katherine Marks","394 Connelly Plains
Lake Tyshawnburgh, MI 25411"
"o9RaMLX3Zb","Katlynn Bednar","704 Elsie Tunnel
Port Alessia, OK 72279-8387"
"VJvrQdYdJC","Kaylah Rippin","77400 Wilkinson Fork Suite 718
Prohaskaberg, GA 92542-9502"
"10DlksMEi8","Keira Ruecker","717 Hane Mountain
Jameystad, OK 47561-9401"
"gZPTxc2C6G","Kendra Cummings","7680 Edgardo Locks
Beckerstad, KS 43767"
"YpDUDX0P49","Klyde josh","La PAz Taerlac"
"123456","Klyde josh","La PAz Taerlac"
"3344","Klyde josh","549 Favian Light Suite 154
South Holden, DC 85706"
"SppdAY47Sz","Krystina Rempel","51608 Jarod Forges
Larontown, ND 81197"
"JIhtnufj12","Lavada McCullough","378 Johnson Fords
Weberville, DE 93823"
"3FmeuGynfW","Leanna Flatley DVM","31265 Zoey Streets
South Camryn, MO 42740-3211"
"9USb0MJijF","Leda Windler","655 Miller Stravenue Suite 371
Legrosshire, FL 39569"
"cs11exygvd","Lelah Schoen","57834 Ankunding Ranch Apt. 340
Nathanaelport, SC 79289"
"1hhx2QuyQD","Lillian O'Keefe","7534 Kacey Ville Suite 574
East Briana, PA 68910-7066"
"PXAL6AunAC","Lillie Aufderhar","5861 Anya Fords
Lake Garnetfort, MI 10273-7210"
"XozKTAP60W","Lisa Shanahan","532 Schuyler Underpass
East Reinholdtown, MI 70437"
"1eoNLTxtTi","Lizeth Fritsch","565 Jannie Crossroad
North Chadd, TN 90346-2338"
"zw7T6dO1zW","Lizeth Rowe","2428 Adrianna Shoals Suite 035
Connellyland, WA 55361-9498"
"1bODnjPcMu","Lora Maggio","7079 O'Hara Street
West Reyesstad, VA 45607-6606"
"AXuEzQk4s8","Lora Rowe Jr.","5557 Pagac Spurs Suite 232
Lake Felixport, IL 28013"
"PyHSsoJcr4","Lucienne Hayes","5159 Gaylord Ports
Labadiemouth, NE 97038"
"KUzplWZqNo","Maci Mosciski","9474 Eloisa Locks
Kerlukeview, NY 16815-5914"
"YCVsek0P6M","Magali Stanton II","705 Greenholt Stream
West Eulahmouth, AK 42930"
"jtuvRkDFXB","Magnolia Thompson","3379 Mueller Overpass Apt. 654
Lowellhaven, UT 08425-3112"
"n8CFk4ZugT","Maiya Cartwright","152 Feil Villages Suite 013
Jasminbury, IL 96223"
"uvVclSXZAq","Margaret Ziemann III","771 Schuster Villages Apt. 859
Garrisonville, AK 90606"
"oVcKF8g7qq","Margarete Stokes","62789 Devan Fort Suite 817
Leopoldoland, OK 97992-0820"
"UPmKWy9Epj","Margarita Padberg","884 Jazmin Crossroad Suite 774
Alysontown, AR 65741"
"GtWQjOL2aC","Margot Jaskolski","9629 Francisco Manors
South Carolinahaven, KS 15754-2300"
"FF36tZSQy7","Maria Lynch","6766 Rippin Cape Suite 017
Port Muriel, MO 27379-6272"
"aYDSgSdxTt","Marina Kuhlman","382 Alaina Springs
West Kobyberg, MO 08063"
"sAcQa5T1b4","Maritza Rempel Sr.","8989 Little Squares Suite 140
Runtefort, WA 76549"
"san0eCP3Dt","Mireya Connelly","32650 Bahringer Cliffs
Turnerville, MN 76866"
"CVxuTqnBw6","Miss Caitlyn Runolfsdottir Jr.","41741 Bashirian Landing
Leopoldotown, WY 74402"
"Ri180j7Lw8","Miss Chasity Green","5231 Gibson Harbors
Port Ophelia, MS 02601-1025"
"yiHHsMMwIW","Miss Clementine Hoeger","7186 Schulist Ridges
West Nelsview, WY 67875"
"8T64CyeTbR","Miss Cleora Quitzon","33282 Green Village
East Emeraldberg, CO 65579-4513"
"HaRIWtTEm7","Miss Evalyn Grady","60934 Fern Glen
Dillonmouth, MN 11439-7442"
"xJaBZLhfBf","Miss Laney Douglas DDS","941 Brett Course Suite 229
North Halberg, MA 44435-0858"
"Pk54V5mIjY","Miss Marianna Kemmer V","66411 Talon View Apt. 241
Aaliyahland, OH 08565-2599"
"gwBFy1mKbp","Miss Maritza Becker I","2630 Verdie Oval Apt. 751
Lake Geraldshire, WV 06716-8432"
"OyI10NiHg7","Miss Marlee O'Kon","11481 Langworth Ports Suite 958
Norvalbury, SC 83717-9373"
"IhS0dhX4w1","Miss Mazie Cole V","45413 Mertie Estates
Hesselshire, IA 77910-0229"
"NLeICSKbf2","Miss Nova Stamm","778 Tony Greens Apt. 911
O'Keefeborough, LA 06538"
"MmZyMUXn9f","Miss Zoey Marvin","79087 Hills Lake
Hodkiewiczborough, IA 53171-9945"
"PPcOPCa1nr","Mozelle Williamson","686 Taylor Flats Suite 144
Cordiaberg, NJ 67752"
"XElyMNFnXI","Mrs. Addison Abernathy Jr.","16862 Wolff Junction Suite 205
East Jerrodhaven, WV 68135-6326"
"uiMqQ2o9IB","Mrs. Alyce Reichel","2941 Farrell Shoal Apt. 128
Candiceview, SC 00351"
"kwbkTobbQt","Mrs. Brittany Jast","4056 Schowalter Burg
West Roy, LA 36571"
"LnJA1rHxoC","Mrs. Bulah Bode MD","7021 Winston Bypass
New Ansel, AK 15612"
"RX8JNpIxjN","Mrs. Corine Cronin Sr.","176 Stoltenberg Inlet
North Braxtonburgh, DC 75466"
"SefVCcwlgb","Mrs. Giovanna Marquardt","34272 Elvis Locks
Darwinland, HI 79254-1882"
"K56d8HmMuw","Mrs. Jaclyn Wiegand PhD","7176 Marielle Groves Suite 400
North Kayleigh, MI 01146-7350"
"TbcMBjKsab","Mrs. Joanne Howe","819 Maegan Stream
Wisokymouth, CO 01208"
"uCvzEH6qkI","Mrs. Lyla Deckow","7367 DuBuque Viaduct
Lake Forrest, ME 32445"
"0IZq6xylQZ","Mrs. Mafalda Hirthe II","9841 Purdy Plain Apt. 444
East Helen, MS 40055-4208"
"WT9hlYrvNJ","Mrs. Nona Wilderman Sr.","735 Kuhic Cliffs
Hillardland, GA 62485-2730"
"zyOgJQNZbi","Mrs. Polly Bins III","4619 Furman Stream
Lake Damaris, CA 93188"
"XbErHq4Ryi","Mrs. Rhianna Zulauf","930 Kub Valleys Suite 734
Dietrichchester, FL 99202"
"Z0ghnTc8Os","Mrs. Romaine Lindgren I","639 Waino Street
East Mitchelville, AZ 31415-4158"
"h4qTIg5mmA","Mrs. Tamara Klein","1630 Pearlie Pike
Donavonborough, NJ 06800-6841"
"h0zT8VZRez","Ms. Anabel Nitzsche","56036 Conn Mountain Suite 419
Ramonfurt, NH 06401-3719"
"IE1jFZILKy","Ms. Emilia Bruen DDS","7397 Loy Harbors
North Drake, WV 07834-4870"
"zj7YSbAjrg","Ms. Fatima Prohaska I","412 Gavin Views
Roxaneport, WY 58748"
"Ix7cWm2grI","Ms. Freeda Torp","532 Mina Loaf Apt. 217
Bobbymouth, NY 39887-7212"
"IzPBEnQtQ2","Ms. Gina Reinger DVM","44292 Stiedemann Via Apt. 013
Lindton, GA 88863"
"F4FwBkTsgO","Ms. Janiya Daugherty I","98020 Casimir Islands Apt. 934
Heidenreichfurt, IN 54588-5750"
"ngnCeWKHzB","Ms. Jany Barton","863 Loren Ways
West Ocie, DE 13295"
"EkfBVCP4fz","Ms. Liana Kertzmann","57820 Stoltenberg Ville
New Careymouth, MD 95798-9274"
"3PVJfhT8n6","Ms. Noelia Gorczany Sr.","469 Clemmie Cliffs Suite 520
West Althea, NH 92057"
"4SERdgBQZU","Ms. Roxanne Casper","66951 Cameron Place Apt. 371
New Michale, OK 70356"
"XMmHnUK4jm","Ms. Shirley Johns","828 Kling Junction Suite 186
Port Romaview, MD 17930"
"nP6y36jeG8","Neha Predovic","43903 Hills Well
Lake Ollietown, NM 61942"
"7KxfMsMvn0","Neha Waters DVM","717 Isac Pass Apt. 016
New Cristina, AR 91025"
"KLkF5eh3QI","Nettie Rippin","47021 Keon Place
East Ashlyhaven, AL 19080"
"LJ5Aww9IE0","Nikki Miller","78212 Paucek Square Apt. 447
Tillmanland, IN 27882-6465"
"F3uTVTc5UY","Nona Heller","28767 Dixie Drive Suite 623
Bartshire, CA 91683-1025"
"pYIbuuirwk","Novella White","212 Rolfson Shoals
Elbertbury, TN 37259-9562"
"t6ZKbECXhb","Ova Howell","35787 Koepp Rapid
Hailieville, FL 39011-2374"
"X6NytTb6vb","Ozella Bahringer","6083 Jade Pine
West Cristian, WY 66014"
"WnTISTXH3j","Polly Hagenes","334 Altenwerth Club
South Janelle, VT 77659"
"pyfI4ddStg","Prof. Angelina Green DDS","7023 Upton Locks Suite 307
Legrosmouth, IN 59887-8488"
"zs57YxdPve","Prof. Ardith Nienow","144 Vinnie Station Apt. 076
Port Hilbert, ID 03949"
"vYt1exN1jN","Prof. Cordie Rowe","38900 Muller Trafficway
Osinskistad, WA 30564"
"0H6ebVkjdE","Prof. Holly Smitham","962 Gulgowski Mountains
West Reillyfurt, NE 49280"
"hJQrnGb8hv","Prof. Julianne Maggio MD","1622 Dereck Pines Suite 033
Adelineview, WI 92005"
"BBf2EOm3ng","Prof. Kaylin Mitchell DVM","980 Alexa Springs
Murazikchester, VT 39743-0483"
"SvqNbPppUk","Prof. Krystal Franecki","736 Howe Drives Suite 668
Port Jadon, NV 09565"
"Llc9tbU6Ij","Prof. Maddison Little Jr.","60110 Liza Street Suite 012
Emeryhaven, UT 80536"
"3jBvuWbtJR","Prof. Meaghan Schowalter","29153 Rempel Creek
East Valliehaven, MN 07978"
"2HLAXaR5eh","Prof. Mozelle Lindgren","645 Mann Keys
New Ignatius, NC 74403-3155"
"joIeIrN73F","Prof. Roxanne Hills DVM","605 Mayer Isle Apt. 667
Chloeton, KS 60073"
"pKbJFko9Is","Prof. Stephany O'Keefe Sr.","431 Gracie Plaza Suite 490
Johnsonchester, LA 54781-2928"
"i33CaUkeh5","Prof. Verda Price MD","701 Gia Branch Apt. 873
Schimmelchester, MT 05969"
"123","qeqw","sadasdsad"
"SHiL9Baz0z","Raquel Carroll","7676 Connelly Mountain
Leoneport, OK 21915-5046"
"09L0S2yD4H","Robyn Ryan","1124 Farrell Forks Suite 127
East Micheal, GA 86379-5204"
"SDyygYF7mM","Rosa Haag","567 Boyer Parks
East Salliehaven, IN 27830"
"WtaktK9wsC","Rosalee Hoeger","8957 Ziemann Locks Apt. 181
Larkintown, DC 14056"
"WXYorq7FL2","Rosie Lind","8776 Abbott Estate Apt. 287
West Alishaberg, PA 92819-7478"
"ymsuRtfhTo","Rossie Bailey","272 Ward Alley Apt. 807
South Larry, CT 89434"
"324324","sadsad","asdasd"
"PFrzta3ymH","Sallie Schulist","861 Travon Island
Keeblerland, AK 02898-3829"
"tfCMwoHZcm","Samantha Swift","42838 Miller Roads Suite 913
Titobury, NM 17003"
"AMDZtze0Zg","Savannah Daniel I","4863 Thad Circle Suite 033
Purdyport, CA 39369-4736"
"YhXkAc4v48","Shea Will","92351 Trey Orchard Suite 324
Kiehnport, CT 07824-4364"
"qJ5jJfJVxf","Stephany Mayer","58959 Boyle Circle
Dollytown, IA 75408"
"6eyoqeBEY5","Susana Harris","6247 Bauch Shoal
Batzport, CO 54307"
"WcGDcgeENf","Tania Treutel","3969 Marc Mills Apt. 837
West Rita, GA 17830"
"q3KMkeXAmF","Una Anderson","39282 Greenfelder Plains Suite 918
Noahville, MA 73218"
"kJqT8oQdQe","Valerie Howell","2115 D'Amore Drive
East Lonzoside, NH 52686-3813"
"MKdqzmI4Nk","Vella O'Kon III","11366 Earnestine Court Apt. 612
North Alejandrin, FL 99164-7337"
"edovWe0e5g","Verna Huel","2297 Keagan Gateway Suite 893
Hagenesville, AL 42394"
"ri165UIouS","Vesta Bechtelar","4498 Corwin Turnpike Suite 403
East Ceasarstad, AR 80616-5903"
"Rq9KCF6Q8o","Vicky Barrows","7123 Denesik Club
East Rosamond, WY 03191-6618"
"uAU8YBN2BF","Vilma Crooks","8729 Schneider Shoals
North Sallyview, AK 32771-2372"
"4COBnZePem","Zena Barrows","51183 Zulauf Prairie
Pfannerstillmouth, WI 21457-0294"
"LHoGu0cApe","Zora Kris","19352 Chelsea Crescent
West Kailyn, HI 40115"
